Project_ID,Start_Date,Location,Project_Type,Duration_Days,Complexity,Risk_Level,Area_sqm,Cost_Budgeted,Actual_Duration,Actual_Cost
P0001,2023-09-22,ENA,Minor Renovation,403,High,Medium,57,46600,515,58000
P0002,2023-11-12,KNA,Dry Lab,230,Medium,Medium,495,3135000,263,4182200
P0003,2024-03-27,KNA,Dry Lab,294,Medium,Medium,52,245700,379,321600
P0004,2023-05-03,ENG,Minor Renovation,367,Medium,High,214,312700,465,432900
P0005,2024-08-03,ENC,Minor Renovation,373,High,High,82,112100,449,146400
P0006,2021-03-20,ES,Major Renovation,135,Low,High,14,25100,170,31400
P0007,2022-10-02,AD,Major Renovation,159,Medium,Low,14,50100,162,65400
P0008,2021-07-06,ENF,Major Renovation,172,Medium,Medium,35,83900,218,105300
P0009,2021-02-14,ENF,Dry Lab,178,Medium,Medium,87,397100,243,542100
P0010,2022-07-10,KNA,Minor Renovation,306,High,Low,126,63100,363,76800
P0011,2024-12-21,ENG,Minor Renovation,186,Medium,Medium,62,40200,198,48900
P0012,2022-05-26,ENB,Wet Lab,270,High,High,73,766800,382,1099500
P0013,2021-11-03,ENA,Dry Lab,360,Medium,Critical,88,717400,501,927000
P0014,2021-02-01,SA,Minor Renovation,424,Medium,Medium,450,547400,535,703300
P0015,2020-07-11,KNA,Dry Lab,248,Medium,Medium,381,2497500,301,2717500
P0016,2023-10-23,AD,Minor Renovation,122,Medium,Medium,25,10500,152,11100
P0017,2023-07-17,ENC,Minor Renovation,200,High,Low,43,45500,274,57100
P0018,2024-03-11,HRIC,Major Renovation,234,Medium,Medium,156,287700,272,314500
P0019,2020-04-08,SA,Wet Lab,204,Medium,Low,486,3861700,227,5082900
P0020,2020-05-06,SB,Minor Renovation,321,Medium,Medium,100,119100,392,143300
P0021,2021-11-27,HRIC,Minor Renovation,220,High,Low,34,30400,280,39600
P0022,2024-12-29,ES,Minor Renovation,207,Medium,Medium,16,24000,263,31500
P0023,2021-11-29,SB,Dry Lab,146,Medium,Low,95,495500,148,511400
P0024,2022-04-02,ENA,Minor Renovation,428,Low,Critical,413,573700,518,772500
P0025,2023-09-29,ENB,Dry Lab,392,High,Low,475,2686800,535,2841700
P0026,2024-08-12,ENG,Minor Renovation,213,High,Low,211,94000,255,102400
P0027,2023-06-24,AD,Dry Lab,313,Medium,High,265,1970400,439,2662700
P0028,2024-06-06,AD,Minor Renovation,424,High,Critical,13,15800,640,19200
P0029,2024-08-26,TFDL,Minor Renovation,328,High,High,84,97300,416,115100
P0030,2021-05-01,ENG,Dry Lab,360,Medium,Critical,55,487800,525,642800
P0031,2024-01-09,KNA,Classroom,182,Medium,Low,97,284900,197,289100
P0032,2020-02-27,ENB,Dry Lab,171,Low,Low,72,311600,185,302100
P0033,2022-08-14,ES,Classroom,170,Medium,Medium,55,314900,191,411700
P0034,2024-05-08,SB,Minor Renovation,848,High,Critical,421,475100,1256,609000
P0035,2024-02-15,ENA,Dry Lab,142,Low,Critical,37,166900,157,223100
P0036,2022-05-05,SB,Minor Renovation,400,Medium,Critical,200,336100,575,482400
P0037,2024-11-06,ES,Minor Renovation,318,Medium,Medium,65,55100,430,73100
P0038,2020-07-08,HRIC,Dry Lab,249,Medium,Low,85,408300,329,536000
P0039,2024-12-11,HRIC,Major Renovation,202,Medium,Low,302,806000,223,1029300
P0040,2020-04-29,TFDL,Minor Renovation,355,High,High,82,143600,520,209200
P0041,2022-05-28,KNB,IT/AV,226,Medium,High,80,179200,250,200900
P0042,2020-12-29,KNA,Major Renovation,270,Medium,High,499,1011200,381,1113400
P0043,2020-08-24,END,Classroom,640,High,Critical,477,2478100,892,3492700
P0044,2020-06-24,ENA,IT/AV,428,Medium,Medium,440,621500,485,844100
P0045,2024-06-24,SA,Minor Renovation,222,Low,High,73,103300,239,133900
P0046,2020-03-03,HRIC,Classroom,378,High,Critical,75,566500,514,721000
P0047,2023-06-12,ENC,Minor Renovation,214,Medium,Medium,16,17800,243,18900
P0048,2021-08-13,KNB,Classroom,183,Low,Medium,237,1177300,207,1631900
P0049,2024-12-20,AD,Wet Lab,180,Medium,Medium,25,231000,191,306400
P0050,2020-05-03,KNA,Minor Renovation,288,High,Medium,38,30300,399,42900
P0051,2024-08-27,HMRB,Wet Lab,90,Low,Medium,41,232100,97,287500
P0052,2022-08-15,ENC,Classroom,472,Medium,Critical,63,456200,617,632500
P0053,2022-09-20,AD,Major Renovation,216,High,High,27,83400,242,106700
P0054,2024-04-24,HRIC,Minor Renovation,301,High,High,96,137700,408,197600
P0055,2022-07-29,ENG,Wet Lab,142,Low,Low,125,801800,186,967800
P0056,2020-08-26,END,Minor Renovation,254,Low,High,87,28500,267,38700
P0057,2023-08-05,END,Dry Lab,351,Medium,High,96,540300,397,696700
P0058,2020-12-29,END,Classroom,224,Medium,Medium,77,430300,272,489900
P0059,2023-06-18,KNA,Dry Lab,540,Medium,Critical,52,346400,669,480400
P0060,2020-05-02,SB,Wet Lab,141,Medium,High,9,107100,169,133100
P0061,2024-10-07,AD,Classroom,254,High,Medium,21,71300,345,96100
P0062,2020-09-04,HMRB,Major Renovation,150,Medium,Low,61,257100,167,276800
P0063,2023-12-01,SB,Minor Renovation,253,Medium,High,68,119000,265,148500
P0064,2021-03-08,KNA,Wet Lab,115,Low,Medium,9,56500,143,70600
P0065,2023-05-30,ENF,Minor Renovation,249,Medium,High,27,9400,337,10200
P0066,2022-03-29,HRIC,Minor Renovation,294,Medium,Low,477,508300,360,493900
P0067,2024-05-21,ENF,Major Renovation,498,High,High,469,1028900,726,1319200
P0068,2021-05-12,ENG,Furniture,245,Medium,Medium,98,186400,339,235400
P0069,2020-04-26,END,Classroom,324,High,Medium,60,296000,466,387400
P0070,2022-06-29,TFDL,Minor Renovation,333,Medium,Critical,90,99800,507,146600
P0071,2022-11-01,ENF,Major Renovation,378,Medium,Medium,462,1769800,404,2379800
P0072,2020-12-04,TFDL,Minor Renovation,172,Medium,Medium,54,56400,206,57600
P0073,2020-02-29,END,Minor Renovation,221,Medium,Medium,318,413500,240,478000
P0074,2024-03-15,ENC,Wet Lab,195,Medium,Low,448,3031000,244,4036900
P0075,2021-12-19,TFDL,Major Renovation,291,Medium,Medium,89,303900,354,425400
P0076,2021-07-30,AD,Classroom,535,Medium,Critical,58,478700,657,724700
P0077,2020-06-07,ENB,Minor Renovation,176,Medium,Medium,46,32900,228,45600
P0078,2024-11-02,SA,Major Renovation,266,Low,Medium,365,977100,278,1006900
P0079,2021-05-04,AD,Major Renovation,327,Medium,High,63,282100,408,385300
P0080,2020-05-29,KNA,Classroom,696,High,Critical,76,795700,873,995100
P0081,2020-05-11,TFDL,Major Renovation,117,Medium,Medium,31,81700,142,86200
P0082,2020-06-11,ENF,Minor Renovation,164,Medium,High,16,22700,196,32200
P0083,2024-10-08,AD,Minor Renovation,115,Low,Medium,82,37700,112,45800
P0084,2022-04-01,HMRB,Major Renovation,145,Medium,Medium,29,69300,197,69800
P0085,2020-05-28,TFDL,Classroom,208,Low,Medium,318,1677600,217,2209500
P0086,2022-03-27,END,Classroom,231,Low,High,192,1023400,257,1472100
P0087,2023-11-10,HMRB,Minor Renovation,194,Low,Medium,229,190700,223,204500
P0088,2020-10-27,HRIC,Classroom,396,Medium,Critical,95,724200,605,1088900
P0089,2022-07-23,KNB,Minor Renovation,103,Medium,Low,41,34000,102,43800
P0090,2024-07-19,SA,Minor Renovation,279,Medium,Critical,141,74000,325,109200
P0091,2021-07-22,ENB,Classroom,153,Medium,High,40,135700,166,143500
P0092,2021-06-23,ENG,Minor Renovation,270,High,Low,101,138000,344,182100
P0093,2021-05-13,AD,Minor Renovation,280,Medium,Medium,199,98800,281,125600
P0094,2023-08-08,HRIC,Minor Renovation,405,Medium,High,95,65000,445,88500
P0095,2021-11-12,ES,Minor Renovation,296,High,Low,477,192300,332,258500
P0096,2020-10-16,END,Wet Lab,191,Medium,Low,268,1335000,261,1642600
P0097,2024-11-23,HRIC,Minor Renovation,297,Medium,High,492,545400,409,598700
P0098,2023-11-23,KNB,Minor Renovation,324,Medium,High,87,93700,426,111800
P0099,2023-10-09,HRIC,Wet Lab,166,Low,High,69,680700,199,838300
P0100,2020-07-02,SB,Minor Renovation,405,High,High,50,83800,604,121100
P0101,2024-07-27,ENG,Minor Renovation,90,Low,Low,19,18400,114,22600
P0102,2024-06-03,ENA,Minor Renovation,264,High,Critical,15,26200,392,33700
P0103,2023-09-12,ENF,Major Renovation,392,Medium,Medium,429,782000,510,910300
P0104,2020-02-11,SB,Minor Renovation,327,High,Medium,57,61600,432,78800
P0105,2021-07-19,HMRB,Dry Lab,313,Medium,Medium,445,3121900,331,3922800
P0106,2022-03-04,ENC,Wet Lab,184,High,Low,17,137100,245,140100
P0107,2022-10-16,KNA,Classroom,237,Medium,Critical,43,376300,302,550100
P0108,2024-04-09,ENB,Minor Renovation,299,Medium,Medium,216,62200,394,84200
P0109,2020-08-13,HRIC,Classroom,310,High,High,51,430400,433,610000
P0110,2024-02-08,SA,Minor Renovation,266,Medium,Medium,468,361800,315,463800
P0111,2024-02-08,END,Major Renovation,324,High,High,331,1344300,484,1753500
P0112,2024-07-14,HRIC,Dry Lab,378,Medium,High,51,307600,446,356600
P0113,2023-01-07,KNB,Minor Renovation,306,High,High,79,72300,403,92500
P0114,2022-01-18,ENB,Minor Renovation,288,Medium,High,443,152200,365,217900
P0115,2024-01-06,ENB,Wet Lab,175,Low,High,318,1970400,200,2289300
P0116,2023-08-01,AD,Classroom,291,Medium,Medium,73,286400,313,355100
P0117,2020-11-06,KNA,Dry Lab,340,High,Low,473,2761400,393,3777200
P0118,2024-06-23,AD,Minor Renovation,291,High,Medium,93,124900,419,143700
P0119,2021-12-13,HMRB,Minor Renovation,432,High,Medium,183,148900,588,195800
P0120,2024-08-24,HRIC,Minor Renovation,164,Medium,Low,314,183500,177,242500
P0121,2024-01-04,SA,Minor Renovation,388,High,Medium,62,66300,460,93000
P0122,2021-12-18,ES,Wet Lab,162,Medium,Medium,233,1553100,212,2182100
P0123,2020-09-07,SA,Minor Renovation,378,Medium,High,480,173700,413,242200
P0124,2022-05-05,ENF,Minor Renovation,103,Low,Medium,39,31500,106,42400
P0125,2022-11-18,HRIC,Classroom,248,Medium,Medium,152,722100,325,883700
P0126,2022-03-14,ENF,Wet Lab,182,Medium,High,46,281900,191,346700
P0127,2024-04-19,END,Wet Lab,243,Medium,High,61,599800,337,733500
P0128,2022-06-11,ENB,Minor Renovation,196,High,Medium,13,20800,246,25300
P0129,2022-05-29,ENA,Minor Renovation,267,High,High,35,33600,360,41900
P0130,2021-12-31,ENF,Minor Renovation,148,Medium,High,5,6700,177,8300
P0131,2022-12-04,HRIC,Minor Renovation,370,High,Medium,76,82600,456,109000
P0132,2023-05-06,KNB,Minor Renovation,371,Medium,High,238,340600,511,475400
P0133,2024-07-30,ENG,Wet Lab,271,High,Medium,7,90200,389,111300
P0134,2023-07-16,HRIC,Wet Lab,128,High,Low,42,292100,138,362400
P0135,2022-08-01,KNA,Minor Renovation,372,High,Critical,12,16700,495,21400
P0136,2023-11-10,KNB,Minor Renovation,212,Medium,High,72,38100,288,49600
P0137,2024-05-04,KNA,Furniture,570,Medium,Critical,494,1091000,684,1713400
P0138,2023-05-16,ENG,Minor Renovation,270,High,High,21,34100,333,51000
P0139,2023-12-11,ENC,Major Renovation,198,High,Low,204,493900,267,546700
P0140,2024-08-19,SA,Dry Lab,160,Medium,Medium,21,147400,220,158800
P0141,2021-03-24,ENC,Minor Renovation,285,Medium,Critical,16,19900,374,30800
P0142,2023-09-25,ENF,Wet Lab,387,Medium,Critical,93,1207800,484,1816800
P0143,2020-09-16,ENG,Minor Renovation,165,Low,High,23,25700,193,29200
P0144,2020-01-14,ES,Minor Renovation,330,Medium,Critical,12,9100,445,10600
P0145,2021-10-07,ENA,Dry Lab,498,High,Critical,117,884500,695,1392600
P0146,2021-05-03,ENA,Wet Lab,321,Medium,Medium,77,599400,418,846100
P0147,2023-01-04,KNA,Minor Renovation,265,Medium,Low,226,256800,279,326600
P0148,2024-04-14,ENG,Major Renovation,297,High,High,15,28200,415,32700
P0149,2020-01-12,ENG,Dry Lab,186,Medium,Low,65,324200,249,389200
P0150,2024-07-13,ENC,Wet Lab,288,High,Medium,5,34300,408,48000
P0151,2023-07-29,END,Major Renovation,183,Medium,Medium,49,104500,243,120300
P0152,2022-11-29,ES,Minor Renovation,246,Medium,High,52,57200,304,82500
P0153,2023-10-26,HRIC,Major Renovation,273,Medium,High,73,153100,384,197400
P0154,2022-03-19,ENA,Major Renovation,221,Medium,Medium,296,835400,314,1157100
P0155,2024-01-07,END,Minor Renovation,226,High,Medium,57,82300,255,102600
P0156,2020-11-14,AD,Classroom,151,Low,Low,69,210700,185,252700
P0157,2021-06-26,SB,Minor Renovation,345,High,Medium,93,170700,363,224500
P0158,2022-11-23,TFDL,Minor Renovation,540,High,High,312,352200,741,510200
P0159,2023-09-16,AD,Dry Lab,468,Medium,High,478,3027200,585,4041200
P0160,2021-07-15,SA,Furniture,367,High,Medium,153,460500,389,544300
P0161,2020-09-22,ES,Dry Lab,228,High,Medium,29,182400,256,195300
P0162,2022-09-10,TFDL,Wet Lab,223,High,Medium,25,325800,307,394900
P0163,2020-12-23,END,Minor Renovation,195,Medium,High,46,62000,232,86000
P0164,2020-08-23,HRIC,Dry Lab,167,Medium,Medium,29,144800,177,183300
P0165,2020-06-24,END,Dry Lab,318,Medium,Medium,66,300700,348,310800
P0166,2020-12-04,ENF,Dry Lab,164,Medium,Medium,103,576300,220,816800
P0167,2022-09-07,ENA,Minor Renovation,267,Medium,Medium,81,82400,359,112400
P0168,2022-09-21,ENG,Minor Renovation,378,Medium,High,67,40900,506,56300
P0169,2022-04-02,AD,Minor Renovation,288,High,Critical,27,26200,402,32400
P0170,2023-10-13,ENC,Minor Renovation,270,Medium,Medium,89,28300,359,31800
P0171,2020-11-19,SA,Wet Lab,120,Low,Low,25,177700,108,180600
P0172,2022-05-06,ES,Wet Lab,297,Medium,Low,428,3501900,374,4392500
P0173,2021-05-02,ENA,Minor Renovation,90,Low,Medium,8,8200,99,10300
P0174,2022-07-13,KNB,Minor Renovation,249,Medium,High,28,8600,294,10600
P0175,2024-01-18,ENG,Wet Lab,189,Medium,Medium,33,264900,239,265200
P0176,2021-12-03,AD,Classroom,800,High,Critical,398,2096400,1068,3261700
P0177,2022-10-15,TFDL,Classroom,192,Low,High,434,1656800,270,1752400
P0178,2024-04-09,AD,Classroom,282,High,Low,79,403600,358,416000
P0179,2022-07-19,TFDL,Minor Renovation,218,Medium,Medium,76,34300,265,46900
P0180,2023-08-07,END,Dry Lab,303,Medium,High,56,253400,373,364800
P0181,2020-01-09,ENC,Minor Renovation,151,Low,High,27,16300,209,21900
P0182,2020-03-07,HMRB,Furniture,256,Medium,Low,51,82000,284,91600
P0183,2021-03-18,HMRB,Major Renovation,404,High,Low,381,1589000,426,2084500
P0184,2020-04-21,HMRB,Furniture,186,High,Low,39,135600,235,174600
P0185,2022-05-18,ENA,Minor Renovation,190,Medium,Medium,21,13700,195,17400
P0186,2020-03-11,HMRB,Dry Lab,360,Medium,Critical,29,244400,541,292000
P0187,2024-07-13,HMRB,Minor Renovation,251,Medium,Medium,71,92800,274,109500
P0188,2020-02-13,ENA,Minor Renovation,378,Medium,Medium,496,225200,528,302700
P0189,2023-02-15,AD,Classroom,226,Medium,High,84,500300,312,629800
P0190,2024-04-22,KNB,Minor Renovation,201,High,Low,89,126600,243,162400
P0191,2020-02-26,TFDL,Minor Renovation,510,High,High,428,437400,659,636000
P0192,2024-10-01,ENB,Classroom,251,Medium,Medium,215,908400,292,1275400
P0193,2021-12-22,AD,Minor Renovation,127,Medium,Low,20,21400,156,26400
P0194,2021-02-08,ENA,Major Renovation,98,Low,Medium,5,15100,99,16400
P0195,2023-09-23,HRIC,Minor Renovation,237,Medium,Medium,97,103300,285,107800
P0196,2023-11-23,ES,Classroom,201,Medium,Medium,49,373500,209,474500
P0197,2024-11-21,KNB,Major Renovation,315,Medium,High,448,1749200,439,2126400
P0198,2020-03-26,ENB,Minor Renovation,261,Medium,Medium,73,83800,353,89600
P0199,2020-12-06,HMRB,Dry Lab,228,High,Low,99,889400,273,1114600
P0200,2020-03-14,HMRB,Minor Renovation,98,Low,Low,13,6100,89,7400
P0201,2023-07-25,END,Minor Renovation,317,Medium,High,107,86500,387,101700
P0202,2024-07-30,SA,Minor Renovation,144,Low,High,89,45700,179,47800
P0203,2024-05-26,ENF,Major Renovation,350,High,Medium,395,744300,487,863000
P0204,2021-01-14,KNA,Minor Renovation,310,Medium,High,68,41700,392,45500
P0205,2020-12-27,HMRB,Major Renovation,315,Medium,Medium,72,158400,415,218900
P0206,2021-11-15,ENB,Furniture,236,Medium,High,38,75900,288,90400
P0207,2020-06-07,END,Classroom,417,High,Medium,90,533300,579,582600
P0208,2024-11-18,ENA,Dry Lab,210,Medium,Medium,89,552500,279,760600
P0209,2020-08-29,SA,Minor Renovation,276,Low,Critical,100,135400,342,190600
P0210,2022-03-31,AD,Dry Lab,354,High,High,29,236400,469,337700
P0211,2021-04-11,END,Minor Renovation,90,Low,Medium,35,26800,88,34300
P0212,2020-05-25,HRIC,IT/AV,157,Low,High,83,118500,206,160300
P0213,2022-10-12,KNA,Minor Renovation,300,High,High,47,18600,427,23100
P0214,2022-10-31,KNB,Wet Lab,118,Low,Low,89,374900,145,468100
P0215,2024-12-24,AD,Classroom,632,High,Critical,363,2244400,802,3389000
P0216,2024-12-26,ENB,Minor Renovation,486,High,High,337,519400,660,777700
P0217,2021-05-25,HMRB,Dry Lab,204,Medium,Low,430,2421700,248,2741200
P0218,2022-03-12,ENC,Classroom,164,Medium,Low,72,227000,219,217400
P0219,2024-10-28,ENA,Wet Lab,146,Medium,Low,93,617700,199,660300
P0220,2023-07-29,TFDL,Major Renovation,199,Low,Medium,97,118100,204,157000
P0221,2021-07-20,END,Minor Renovation,90,Low,Low,30,24600,92,31200
P0222,2023-05-19,HMRB,Major Renovation,115,Low,Low,40,115900,125,133300
P0223,2023-04-15,ENF,Minor Renovation,445,High,High,86,149000,630,196200
P0224,2021-03-19,TFDL,Furniture,394,Medium,High,234,627900,516,875400
P0225,2020-08-01,KNB,Wet Lab,222,Low,High,384,3557300,263,4783900
P0226,2022-10-12,HMRB,Dry Lab,418,High,High,71,488500,543,547600
P0227,2021-12-04,SB,Minor Renovation,190,Low,Medium,66,69700,213,73100
P0228,2022-02-09,HMRB,Dry Lab,354,Medium,High,252,1704600,437,2182600
P0229,2021-10-05,ENG,Wet Lab,253,Medium,High,62,426800,359,576200
P0230,2020-10-12,END,Minor Renovation,168,Medium,Low,83,91400,189,91500
P0231,2020-01-31,TFDL,Dry Lab,117,Low,Low,57,216300,141,258900
P0232,2021-11-14,KNB,Minor Renovation,444,Low,Critical,439,566300,665,765500
P0233,2023-03-06,KNA,Major Renovation,354,Medium,Low,354,1036500,414,1307700
P0234,2022-09-23,KNA,Minor Renovation,504,Medium,Critical,76,51700,620,75900
P0235,2023-12-07,KNB,Major Renovation,237,Low,High,421,950900,328,1181500
P0236,2022-01-10,END,Minor Renovation,128,Low,Medium,47,19500,160,21000
P0237,2023-07-04,SA,Major Renovation,136,Medium,Medium,6,20400,154,26500
P0238,2024-01-01,SA,Minor Renovation,540,High,High,96,157700,805,199400
P0239,2024-07-04,ENG,Classroom,253,Medium,Medium,61,380300,269,515700
P0240,2023-11-04,TFDL,Wet Lab,468,High,Low,379,2581600,546,3611800
P0241,2024-08-31,ENF,Minor Renovation,270,High,High,345,613200,377,773600
P0242,2023-03-10,ENA,Wet Lab,97,Low,Low,35,172700,117,215800
P0243,2021-04-21,HRIC,Dry Lab,324,Medium,Medium,64,254500,385,316600
P0244,2020-11-10,END,Classroom,270,Medium,High,24,127200,300,140900
P0245,2021-08-04,KNB,IT/AV,372,High,Critical,90,294000,505,449000
P0246,2021-11-26,ENB,Minor Renovation,263,Low,High,122,46100,358,58800
P0247,2022-10-15,HRIC,Minor Renovation,175,Medium,High,32,39700,205,48300
P0248,2020-01-31,TFDL,Minor Renovation,184,High,Medium,27,25400,254,36300
P0249,2024-10-29,ENG,Wet Lab,163,Low,Medium,71,529600,176,706600
P0250,2022-05-07,ENC,Major Renovation,178,High,Low,38,131200,209,182600
P0251,2022-10-13,KNA,Classroom,418,High,High,86,617600,594,906800
P0252,2023-10-10,SB,Classroom,157,Medium,Low,25,150200,165,145800
P0253,2023-01-10,HMRB,Dry Lab,342,Medium,Critical,47,362800,443,556300
P0254,2023-07-10,TFDL,Minor Renovation,226,Medium,Medium,451,428000,265,589700
P0255,2023-12-12,SA,Minor Renovation,300,High,Low,198,271900,327,364600
P0256,2020-05-20,ENA,Dry Lab,173,Medium,Low,88,466800,185,464300
P0257,2024-09-19,END,Wet Lab,424,High,Medium,61,684000,554,843900
P0258,2021-03-06,AD,Minor Renovation,127,Medium,Medium,12,10800,169,11500
P0259,2020-07-26,KNB,Classroom,117,Low,High,30,110700,118,134500
P0260,2023-03-22,ES,Major Renovation,666,High,Critical,55,420100,1003,580500
P0261,2021-12-06,ES,Minor Renovation,320,High,Critical,47,55500,431,80300
P0262,2024-11-23,KNA,Minor Renovation,522,High,High,66,100700,714,111700
P0263,2022-02-16,AD,Major Renovation,209,Medium,High,207,847400,235,1156100
P0264,2023-03-08,ENA,Wet Lab,130,Low,Medium,38,233800,162,302000
P0265,2021-05-30,SA,Dry Lab,164,Medium,High,27,214100,227,264100
P0266,2023-04-03,HMRB,Classroom,276,Low,Medium,374,1844400,353,2475800
P0267,2020-11-14,ENF,Minor Renovation,189,High,Medium,24,15700,262,19700
P0268,2023-07-04,ENC,Wet Lab,367,Medium,High,138,964600,515,1077100
P0269,2021-10-18,ENB,Major Renovation,912,High,Critical,438,2176000,1358,2935700
P0270,2020-01-28,SB,Minor Renovation,144,Medium,High,20,25200,207,32900
P0271,2021-05-16,ENF,Dry Lab,223,Medium,Medium,427,2529600,320,3399700
P0272,2022-09-28,ENA,Minor Renovation,321,High,Low,66,60300,365,84400
P0273,2022-12-31,ENA,Minor Renovation,272,Medium,Medium,224,249000,281,344000
P0274,2024-06-05,ES,Classroom,90,Low,Low,21,54500,94,63900
P0275,2024-06-30,END,Minor Renovation,109,Medium,Medium,16,7500,124,8400
P0276,2022-09-22,ENC,Minor Renovation,355,High,High,63,113400,476,142500
P0277,2023-10-19,KNB,Classroom,344,Medium,High,195,1387000,380,1770800
P0278,2021-06-16,HRIC,Classroom,378,High,High,61,253000,464,293300
P0279,2020-04-15,ENC,Major Renovation,211,Medium,Low,336,554800,248,623100
P0280,2021-03-02,SB,Dry Lab,268,High,Medium,14,122400,330,144800
P0281,2023-06-26,ENB,Minor Renovation,225,Low,High,87,82000,251,96700
P0282,2020-03-14,SA,Minor Renovation,196,Medium,Medium,40,42000,219,52300
P0283,2020-04-11,SB,Dry Lab,357,High,Low,79,647200,415,880000
P0284,2022-10-12,ENC,Minor Renovation,340,Medium,High,60,70700,404,92400
P0285,2021-11-02,KNB,Classroom,163,High,Medium,40,241900,206,272500
P0286,2020-03-01,KNA,Dry Lab,352,High,Critical,23,237900,445,340900
P0287,2022-08-27,ENA,Minor Renovation,204,Medium,Low,305,343700,271,349100
P0288,2020-10-05,ENF,Classroom,153,Low,Medium,79,391000,159,384600
P0289,2024-03-17,KNB,Classroom,162,Medium,High,42,282000,231,317400
P0290,2023-05-13,ENF,Minor Renovation,183,Medium,Medium,92,105200,212,113100
P0291,2023-01-26,HMRB,Wet Lab,374,High,Medium,62,774600,475,1131600
P0292,2020-05-18,SA,Wet Lab,171,Medium,Low,76,534800,177,543400
P0293,2021-09-24,ENG,Major Renovation,280,Medium,Medium,90,174500,349,232700
P0294,2020-05-27,SA,Classroom,204,High,Low,86,341000,206,471800
P0295,2023-08-08,SB,Dry Lab,384,Medium,High,65,450700,515,485300
P0296,2020-10-15,AD,Minor Renovation,618,High,Critical,248,289000,817,439900
P0297,2022-06-23,HMRB,Minor Renovation,285,High,High,43,71900,369,105200
P0298,2021-09-01,KNA,IT/AV,90,Low,Low,8,14300,107,13200
P0299,2020-05-02,KNB,Wet Lab,141,Low,Medium,5,35500,182,43300
P0300,2022-11-02,ENC,Minor Renovation,371,Medium,High,250,151100,440,209400
P0301,2024-06-06,ENC,Minor Renovation,144,High,Medium,20,15200,186,22000
P0302,2022-08-20,ENA,Minor Renovation,153,Medium,Low,164,164700,156,210900
P0303,2020-12-30,KNA,Dry Lab,216,Medium,Medium,120,656900,254,887200
P0304,2024-02-03,KNA,Classroom,164,Low,Low,475,1908100,218,1939000
P0305,2020-05-07,ENF,Minor Renovation,135,Medium,Medium,15,13900,158,17800
P0306,2022-04-29,ES,Classroom,367,High,Medium,162,922800,448,1270500
P0307,2021-02-09,ENB,Dry Lab,180,Medium,Low,54,305300,187,304000
P0308,2021-04-17,KNB,Wet Lab,240,High,Low,356,3251000,315,4306400
P0309,2023-12-15,TFDL,Major Renovation,396,High,Medium,340,1660000,482,1980600
P0310,2021-11-10,SB,Dry Lab,198,Low,Medium,63,259900,206,273900
P0311,2024-04-11,ES,Major Renovation,288,High,Medium,60,256300,384,351600
P0312,2020-11-24,TFDL,IT/AV,166,Low,High,26,64900,199,67400
P0313,2020-11-13,KNA,Dry Lab,273,High,High,21,183800,300,210000
P0314,2021-10-01,ENF,Minor Renovation,209,Medium,Low,337,343700,236,394700
P0315,2024-12-16,ENB,Classroom,360,High,Medium,58,379400,515,484300
P0316,2020-12-05,END,Dry Lab,270,Medium,High,63,390100,355,537200
P0317,2023-11-26,HMRB,Dry Lab,148,Medium,Low,266,1523700,205,1531600
P0318,2022-01-28,AD,Dry Lab,180,Medium,Critical,38,314900,213,476400
P0319,2020-08-07,ENA,Minor Renovation,116,Low,Medium,22,10400,117,13100
P0320,2020-06-21,ENC,Dry Lab,254,High,Medium,26,142800,327,154300
P0321,2022-09-01,HMRB,Dry Lab,288,High,Medium,39,380000,332,407700
P0322,2021-04-14,TFDL,Minor Renovation,253,Medium,Medium,173,134300,311,145900
P0323,2024-12-09,SB,Minor Renovation,219,Medium,High,50,68500,272,94000
P0324,2023-03-27,END,Minor Renovation,276,High,Low,189,107200,284,127800
P0325,2022-01-25,ENA,Wet Lab,153,High,Medium,48,591500,219,651800
P0326,2022-01-16,END,Minor Renovation,126,Low,High,48,41400,128,53500
P0327,2020-04-14,HMRB,Minor Renovation,127,Medium,Medium,48,53500,162,72300
P0328,2020-07-19,ES,Wet Lab,165,Low,High,44,461700,165,565000
P0329,2024-09-06,AD,Minor Renovation,399,Medium,Medium,382,171900,536,187000
P0330,2020-10-02,KNA,Wet Lab,197,Medium,Medium,123,1049200,217,1248800
P0331,2024-10-10,SA,Minor Renovation,342,High,Low,94,73100,397,100400
P0332,2024-08-14,ENB,Minor Renovation,315,Medium,Critical,35,41500,381,59400
P0333,2024-10-09,KNB,Minor Renovation,302,High,Medium,74,39600,344,41700
P0334,2021-09-09,HRIC,Minor Renovation,249,High,Medium,22,18800,315,20100
P0335,2021-06-27,KNA,Classroom,299,Medium,Medium,339,1964000,342,2674500
P0336,2021-12-21,HMRB,Major Renovation,672,High,High,382,2315500,927,3423000
P0337,2024-04-05,HRIC,Major Renovation,222,Low,High,79,250800,248,266300
P0338,2024-02-18,HRIC,Minor Renovation,220,Medium,High,9,3500,298,4200
P0339,2022-04-05,END,Classroom,441,Medium,High,391,2227500,591,3157300
P0340,2021-08-08,ENA,Major Renovation,294,High,High,7,34200,381,41500
P0341,2022-10-12,SA,Major Renovation,340,Medium,High,284,918100,481,1282700
P0342,2023-11-04,ENG,Minor Renovation,208,Low,Medium,82,64800,262,73700
P0343,2024-02-02,HRIC,IT/AV,173,Low,High,88,196600,193,262000
P0344,2023-02-02,SA,Classroom,336,High,Medium,489,3664700,383,4531700
P0345,2022-07-07,KNB,Major Renovation,97,Low,Low,277,749800,92,895300
P0346,2023-04-05,AD,Dry Lab,276,High,Medium,26,209700,386,262600
P0347,2022-02-21,AD,Classroom,136,High,Low,22,147800,149,195700
P0348,2021-11-07,ENG,Major Renovation,212,Medium,Medium,38,50200,290,60600
P0349,2020-07-06,ENF,Minor Renovation,148,Low,High,85,34400,203,43000
P0350,2024-07-21,SB,Dry Lab,136,Medium,Medium,16,78800,175,85900
P0351,2022-03-15,ENA,Major Renovation,201,Low,Critical,85,312900,221,361300
P0352,2023-10-13,ENA,Minor Renovation,291,Medium,Medium,55,70600,347,79500
P0353,2022-07-02,SA,Wet Lab,218,High,Medium,15,137100,265,194900
P0354,2021-03-14,TFDL,Dry Lab,198,Medium,Medium,11,44100,219,50800
P0355,2023-12-09,END,Classroom,230,High,Medium,61,361200,333,411300
P0356,2022-08-15,HMRB,Classroom,153,Medium,Low,39,268600,181,291000
P0357,2021-09-18,KNB,Major Renovation,202,Medium,High,58,211800,215,295000
P0358,2022-10-11,KNB,Minor Renovation,154,Low,High,22,16700,188,17300
P0359,2021-02-16,ENF,Minor Renovation,270,Medium,High,263,383800,311,534900
P0360,2022-12-09,KNB,Dry Lab,720,High,Critical,444,4353600,976,6245600
P0361,2022-05-10,ENG,Dry Lab,234,High,Medium,225,1350600,284,2024300
P0362,2020-11-14,HMRB,Wet Lab,364,Medium,High,95,818200,410,942000
P0363,2020-12-25,HRIC,Wet Lab,513,Medium,Critical,70,541200,695,735900
P0364,2022-09-22,TFDL,Minor Renovation,198,Medium,Medium,10,8400,258,9000
P0365,2022-04-12,ENA,Dry Lab,363,Medium,Medium,374,2439800,433,2773600
P0366,2020-10-19,ENC,Major Renovation,508,High,High,60,228800,638,337200
P0367,2021-11-07,ENA,Major Renovation,272,Medium,Medium,99,153900,280,157600
P0368,2021-04-15,AD,Classroom,816,High,Critical,355,3491300,1247,4959100
P0369,2021-06-15,ENB,Minor Renovation,220,Medium,Low,63,34600,261,44700
P0370,2024-01-22,SA,Wet Lab,191,Medium,Low,74,703500,197,717900
P0371,2020-09-13,KNB,Minor Renovation,148,Low,Medium,433,321000,158,416400
P0372,2021-06-18,ENF,Wet Lab,100,Low,High,40,232300,138,294600
P0373,2023-12-05,ENA,Wet Lab,144,High,Medium,8,78200,206,96000
P0374,2022-10-18,ENB,Wet Lab,258,Medium,Low,57,378300,336,457800
P0375,2022-04-29,ES,Minor Renovation,336,High,Medium,371,672900,413,959600
P0376,2024-12-08,SA,Wet Lab,198,Low,Medium,71,418000,262,457200
P0377,2023-01-23,SB,Minor Renovation,327,Medium,High,90,83900,384,92800
P0378,2021-08-10,SB,Wet Lab,245,Medium,Medium,55,524700,271,641200
P0379,2021-09-09,SB,IT/AV,373,Medium,High,459,1182300,526,1748700
P0380,2023-08-13,KNA,Minor Renovation,630,High,Critical,57,112200,970,140000
P0381,2022-02-27,ENA,Minor Renovation,624,High,High,454,226400,770,303100
P0382,2020-10-16,ES,Minor Renovation,210,Medium,Medium,45,16200,271,20500
P0383,2021-05-10,HRIC,Dry Lab,286,Medium,High,331,1901100,333,2809200
P0384,2021-06-14,KNA,Wet Lab,166,Medium,Low,71,366800,185,378000
P0385,2020-10-19,ES,Minor Renovation,216,High,Low,35,60500,301,63600
P0386,2021-03-01,HMRB,Wet Lab,154,Low,Low,321,1592800,200,1972300
P0387,2022-07-11,KNA,Minor Renovation,187,Medium,Medium,32,40300,208,51000
P0388,2023-08-13,KNB,Major Renovation,229,Medium,High,79,191600,252,209500
P0389,2021-09-05,END,Major Renovation,286,Medium,High,59,136600,335,150800
P0390,2021-06-11,ENB,Minor Renovation,216,Low,Medium,260,188200,254,220800
P0391,2021-01-25,ES,Minor Renovation,159,Low,High,64,66000,204,89700
P0392,2022-10-12,ENG,Wet Lab,216,Low,High,142,1170100,243,1428800
P0393,2024-04-05,SA,Minor Renovation,207,Medium,Critical,22,32700,302,41400
P0394,2024-11-26,KNB,Wet Lab,158,Medium,Medium,43,389700,189,425300
P0395,2021-11-06,ENA,Furniture,517,High,High,336,1130800,791,1738400
P0396,2022-06-10,ENG,Major Renovation,280,Medium,High,98,189200,401,267900
P0397,2023-11-26,TFDL,Dry Lab,220,High,Medium,18,113500,313,126800
P0398,2023-08-26,ENA,Wet Lab,324,High,Medium,140,1101200,441,1554500
P0399,2023-06-19,ENF,Minor Renovation,144,Medium,Low,61,70900,190,84000
P0400,2023-12-12,ENB,Major Renovation,194,Low,Medium,54,159000,217,153800
P0401,2022-09-10,KNA,Dry Lab,189,Medium,Medium,83,528000,253,678100
P0402,2024-11-13,ENG,Minor Renovation,205,Medium,Medium,281,156200,217,164600
P0403,2024-02-10,ES,IT/AV,162,Medium,Low,50,86800,215,109000
P0404,2024-02-09,ENF,Minor Renovation,180,Medium,Critical,46,55200,225,80000
P0405,2021-06-21,HMRB,Dry Lab,133,Medium,Medium,48,335300,149,415700
P0406,2023-09-01,SA,Classroom,184,Medium,High,11,90100,220,96500
P0407,2024-04-19,ENA,Dry Lab,148,Low,High,85,477600,166,649000
P0408,2021-04-26,ENF,Furniture,166,Low,High,14,27600,219,29500
P0409,2021-09-21,ENA,Dry Lab,226,Medium,Medium,199,813800,255,960400
P0410,2024-11-17,AD,Major Renovation,211,Low,High,346,584700,246,745200
P0411,2020-12-28,SB,Minor Renovation,187,Low,Medium,69,37500,196,44300
P0412,2020-11-12,ENF,Minor Renovation,253,Medium,High,131,130500,272,183000
P0413,2024-10-12,KNA,Wet Lab,98,Low,Low,13,59500,109,67100
P0414,2022-06-28,ENC,Major Renovation,238,Medium,Low,73,171800,258,225200
P0415,2024-07-02,TFDL,Furniture,182,High,Medium,44,77800,219,88900
P0416,2023-05-27,ENB,Classroom,385,High,Medium,85,344600,522,493200
P0417,2020-07-27,ENF,IT/AV,163,Medium,Medium,30,72100,192,78800
P0418,2024-06-06,ENF,Minor Renovation,396,Medium,Critical,343,433400,562,548400
P0419,2023-07-26,SA,Minor Renovation,137,Medium,Low,65,77700,139,89600
P0420,2022-06-12,KNB,Minor Renovation,291,Medium,Medium,65,74300,405,96900
P0421,2021-02-12,TFDL,Major Renovation,247,Medium,Low,97,144900,266,167300
P0422,2024-05-21,HMRB,Furniture,324,High,High,76,264400,370,323800
P0423,2024-07-24,ENC,Major Renovation,180,High,Medium,5,15400,193,17200
P0424,2021-12-11,ENF,Furniture,162,Medium,Low,28,53900,215,54200
P0425,2022-01-20,TFDL,Major Renovation,190,Low,Medium,64,85400,200,86700
P0426,2024-07-29,AD,Minor Renovation,275,Medium,Medium,51,38400,320,53300
P0427,2020-11-29,ENA,Minor Renovation,204,High,Low,71,26800,252,37500
P0428,2024-08-15,SB,Dry Lab,270,Medium,Medium,451,3247600,314,4157200
P0429,2020-09-01,HMRB,Minor Renovation,293,Medium,High,335,233400,399,315000
P0430,2024-06-05,KNA,Wet Lab,288,Medium,High,449,4812800,407,5802400
P0431,2021-10-22,ENG,Minor Renovation,363,Medium,Medium,355,314000,391,339600
P0432,2021-06-11,AD,Dry Lab,542,High,Medium,398,2268900,732,3329400
P0433,2021-08-21,ENA,Classroom,211,Low,High,64,335800,287,428700
P0434,2022-07-22,KNB,Major Renovation,588,High,Critical,67,316900,737,441600
P0435,2021-08-22,ENB,Dry Lab,153,Medium,Medium,42,249800,201,270400
P0436,2020-08-14,ENA,Classroom,195,Medium,Low,51,264000,207,314400
P0437,2022-07-02,ES,Minor Renovation,357,Medium,High,76,94800,413,128600
P0438,2024-08-10,ENC,Minor Renovation,157,Medium,High,7,3500,214,4900
P0439,2024-12-10,END,Minor Renovation,184,High,Low,31,18300,232,22400
P0440,2024-02-26,AD,Minor Renovation,280,High,Medium,85,126400,313,167900
P0441,2024-09-18,END,Minor Renovation,279,Medium,High,367,166800,331,208100
P0442,2023-02-16,HMRB,Minor Renovation,234,Low,Critical,56,75400,279,109800
P0443,2021-02-19,KNA,Dry Lab,221,Medium,Medium,121,627400,248,714600
P0444,2024-06-05,SB,Minor Renovation,202,High,Low,33,35200,250,44000
P0445,2023-10-12,ENG,Major Renovation,315,Medium,Critical,10,25300,460,32500
P0446,2023-12-21,HMRB,Minor Renovation,283,Medium,Medium,60,35000,393,37900
P0447,2023-12-19,SA,Classroom,237,Medium,Critical,27,120500,314,169200
P0448,2021-06-20,TFDL,Major Renovation,636,Medium,Critical,496,2090900,964,2862400
P0449,2021-08-02,ES,Classroom,210,Low,Critical,94,523200,244,697500
P0450,2024-05-01,END,Classroom,300,Medium,High,80,508000,385,553900
P0451,2023-06-05,ENC,Minor Renovation,158,High,Medium,32,32700,215,43700
P0452,2022-01-07,KNB,Dry Lab,248,High,Critical,41,401900,331,608600
P0453,2024-08-05,SA,Major Renovation,490,High,High,62,257200,560,353000
P0454,2024-07-13,AD,Major Renovation,108,Low,Low,43,66300,124,70200
P0455,2022-09-02,HRIC,Classroom,253,Medium,Medium,72,334600,336,391700
P0456,2022-04-17,HRIC,Wet Lab,495,High,High,247,3460500,640,4655700
P0457,2022-12-07,END,Minor Renovation,252,Low,High,98,25800,337,33400
P0458,2024-07-22,ES,Wet Lab,177,Medium,Low,15,142300,223,179300
P0459,2022-03-20,KNB,Dry Lab,230,High,Medium,154,847400,259,1089000
P0460,2023-01-19,SA,Minor Renovation,334,Medium,Medium,402,274400,425,353200
P0461,2021-03-21,AD,Major Renovation,175,Medium,High,12,21800,223,26100
P0462,2023-10-18,AD,Wet Lab,131,Medium,Medium,39,385300,153,478000
P0463,2021-04-14,SB,Minor Renovation,209,Medium,High,36,42200,238,45600
P0464,2024-08-16,END,Dry Lab,388,Medium,High,127,857200,447,1011500
P0465,2021-01-20,ES,Minor Renovation,477,High,High,311,627000,631,820200
P0466,2024-06-04,END,Minor Renovation,546,High,High,415,193800,739,284200
P0467,2022-03-08,HRIC,Dry Lab,126,Medium,Medium,48,291400,156,291500
P0468,2020-06-04,ENF,Minor Renovation,288,High,Medium,35,19200,305,23300
P0469,2021-12-04,AD,Major Renovation,288,High,Medium,80,152200,404,182000
P0470,2023-03-29,ENF,Minor Renovation,459,High,High,334,388300,687,575200
P0471,2023-08-30,ENG,Minor Renovation,270,Medium,High,52,58500,333,77000
P0472,2020-11-17,ENG,Major Renovation,270,Low,High,367,638100,315,862100
P0473,2024-10-21,END,Wet Lab,165,High,Medium,20,228500,192,295200
P0474,2020-01-24,KNB,Major Renovation,234,Medium,Medium,89,284300,276,331200
P0475,2020-12-15,KNB,Furniture,295,High,Medium,77,132100,373,151100
P0476,2024-02-04,END,IT/AV,226,Medium,Medium,443,941500,292,1228800
P0477,2022-07-21,ENB,Minor Renovation,340,High,Low,405,220500,426,261600
P0478,2024-07-04,HMRB,Wet Lab,378,High,High,95,1356000,474,2058400
P0479,2022-07-05,ENG,Minor Renovation,261,Medium,Medium,84,99700,332,108300
P0480,2024-03-23,SA,Classroom,410,High,Medium,92,580500,475,798400
P0481,2023-09-25,SA,Furniture,481,Medium,High,381,1342100,698,1948000
P0482,2022-06-30,HRIC,Minor Renovation,126,Medium,Low,32,37700,128,42900
P0483,2023-11-07,KNA,Dry Lab,117,Medium,Low,43,245900,148,258400
P0484,2022-03-12,KNA,Classroom,226,High,Low,40,232300,237,234700
P0485,2020-01-12,HRIC,Minor Renovation,297,Medium,Critical,67,40800,444,57300
P0486,2024-12-17,SA,Wet Lab,126,Low,Low,416,2087200,128,2396400
P0487,2024-06-03,HRIC,Dry Lab,380,High,Critical,42,339300,547,410700
P0488,2023-01-23,ENB,Major Renovation,213,Medium,Medium,223,844800,288,933300
P0489,2022-10-20,HRIC,Wet Lab,283,Medium,Medium,94,815500,396,1032900
P0490,2025-01-01,ENC,Major Renovation,236,Medium,High,104,323400,256,402100
P0491,2021-08-23,END,Classroom,180,High,Low,47,264500,249,320100
P0492,2024-11-27,HRIC,Wet Lab,226,Medium,Medium,367,2106800,314,2382000
P0493,2021-10-14,ENG,Major Renovation,175,Low,Medium,363,1065700,230,1208500
P0494,2021-11-10,ENA,Minor Renovation,176,Low,Medium,80,28200,195,31900
P0495,2021-10-04,HRIC,Classroom,148,Low,Medium,438,1860700,167,1982900
P0496,2021-11-24,KNA,Minor Renovation,118,Low,Medium,81,42800,123,52000
P0497,2021-01-28,AD,Classroom,324,High,Medium,261,1616200,451,2150000
P0498,2023-01-09,KNB,Minor Renovation,204,Medium,High,23,21000,254,25100
P0499,2024-10-14,HRIC,Wet Lab,230,High,Medium,293,3345000,340,4361400
P0500,2020-01-21,END,Minor Renovation,258,Medium,Low,78,32300,336,36900
P0501,2022-06-17,SB,Wet Lab,216,High,Medium,74,761000,314,1126100
P0502,2023-11-19,HMRB,Classroom,280,Medium,Medium,57,285000,300,375200
P0503,2023-02-01,SB,Classroom,445,Medium,Critical,257,1640900,576,2507800
P0504,2022-09-23,TFDL,Minor Renovation,249,Medium,High,194,132100,276,152600
P0505,2024-11-14,SB,Minor Renovation,450,High,High,74,101600,521,117100
P0506,2023-08-05,HMRB,IT/AV,203,Low,Medium,57,128100,224,139100
P0507,2022-06-15,KNB,Dry Lab,158,Low,Medium,61,272700,169,288800
P0508,2024-12-13,AD,Wet Lab,180,High,Medium,48,529500,236,651800
P0509,2023-12-13,SA,Minor Renovation,90,Medium,Low,36,33100,112,36100
P0510,2023-07-16,HRIC,Dry Lab,185,Low,Medium,57,304100,191,299300
P0511,2023-03-05,ES,IT/AV,167,Medium,Medium,28,51000,170,52600
P0512,2022-05-08,ENA,Classroom,162,Medium,Low,191,761900,163,838100
P0513,2024-04-05,SA,Major Renovation,252,High,High,39,113600,350,127800
P0514,2022-03-07,SB,Minor Renovation,154,Medium,Medium,25,29800,186,41200
P0515,2020-10-30,KNB,Major Renovation,283,High,Medium,22,48200,393,61100
P0516,2021-09-21,HRIC,Furniture,299,Medium,Medium,70,130400,372,144600
P0517,2022-10-11,ENF,Minor Renovation,528,High,Critical,76,45500,686,59100
P0518,2021-07-11,ENB,Minor Renovation,236,Medium,High,24,35300,268,49200
P0519,2023-07-11,KNB,Minor Renovation,145,Medium,Medium,30,33000,199,41000
P0520,2021-10-16,ENC,Major Renovation,307,Medium,Medium,83,148300,422,154000
P0521,2020-08-07,KNA,IT/AV,456,High,Medium,489,1499900,666,2209100
P0522,2024-04-24,END,Dry Lab,384,Medium,High,68,489800,489,634300
P0523,2024-06-03,ENF,Major Renovation,280,Medium,High,84,233200,316,303300
P0524,2022-02-13,KNB,Wet Lab,245,Medium,High,45,499500,295,541400
P0525,2020-08-21,ES,Classroom,157,Low,High,58,420600,194,466000
P0526,2021-10-29,ENA,Major Renovation,564,High,High,395,1556100,784,2362700
P0527,2020-10-29,AD,Minor Renovation,194,Low,Low,424,353600,242,321100
P0528,2021-11-12,ENC,Minor Renovation,270,High,High,38,48900,333,57800
P0529,2021-12-07,KNA,Minor Renovation,256,Medium,High,63,30500,367,33100
P0530,2021-10-25,ES,Minor Renovation,305,Medium,Medium,84,56100,349,74200
P0531,2023-01-08,SB,Classroom,136,Low,Medium,116,329500,156,348700
P0532,2020-08-27,ENA,Classroom,145,Medium,Medium,40,170600,150,194900
P0533,2020-01-07,ENG,Classroom,148,High,Low,48,267000,194,332100
P0534,2021-06-19,HMRB,Minor Renovation,133,Medium,Medium,49,38100,157,44500
P0535,2021-03-03,KNB,Wet Lab,346,Medium,High,353,3772200,486,4460500
P0536,2021-10-14,ES,Dry Lab,126,Medium,Medium,17,129600,160,157200
P0537,2021-09-18,KNB,Wet Lab,192,Low,Medium,83,420500,222,537000
P0538,2022-06-05,ENA,Wet Lab,345,Medium,Medium,362,2118700,387,2945400
P0539,2021-07-29,TFDL,Minor Renovation,283,High,Medium,27,34100,350,48400
P0540,2024-12-20,AD,Minor Renovation,202,Low,High,287,101500,217,131100
P0541,2023-11-29,KNB,Wet Lab,167,Medium,Medium,31,235700,180,256200
P0542,2024-03-11,SB,Dry Lab,168,Low,High,41,198500,174,240600
P0543,2023-05-25,ENC,Wet Lab,489,High,Medium,434,5281200,673,5883700
P0544,2020-01-06,ENC,IT/AV,249,Medium,High,87,231600,303,302600
P0545,2022-06-14,HMRB,Minor Renovation,183,Low,Medium,88,64100,223,85000
P0546,2024-06-18,SB,Dry Lab,263,Medium,Low,51,357900,272,441100
P0547,2021-12-03,KNB,Dry Lab,225,Low,Critical,76,399800,296,568800
P0548,2021-04-18,ES,Dry Lab,225,Low,High,61,420500,300,487600
P0549,2020-05-08,TFDL,Minor Renovation,216,Medium,High,77,74400,240,102100
P0550,2020-10-20,TFDL,Minor Renovation,432,High,Medium,267,403500,495,457900
P0551,2023-01-22,END,Classroom,504,High,Critical,51,563300,805,837700
P0552,2022-07-27,ENF,Minor Renovation,134,Low,Medium,44,28600,168,29100
P0553,2020-04-27,ENA,Classroom,522,High,High,99,564100,635,694700
P0554,2024-12-07,SA,Dry Lab,190,Low,Medium,93,413200,223,417300
P0555,2024-11-05,ENB,Minor Renovation,241,High,Medium,80,128700,279,185600
P0556,2020-10-29,HRIC,Wet Lab,112,Medium,Low,38,352800,128,442500
P0557,2020-07-12,KNB,Minor Renovation,113,Low,Medium,81,74000,147,96900
P0558,2021-09-19,ENB,Dry Lab,355,Medium,High,484,2583100,500,3012600
P0559,2020-02-20,HMRB,Classroom,456,High,Medium,489,2659700,576,3402100
P0560,2020-11-22,AD,Wet Lab,214,Medium,Medium,18,134600,233,178300
P0561,2020-04-27,SA,Wet Lab,151,Medium,Low,26,254700,181,306700
P0562,2023-09-03,ES,Wet Lab,301,High,High,96,1052100,433,1518100
P0563,2020-08-07,SA,Major Renovation,256,Medium,Medium,81,305700,264,337100
P0564,2021-05-04,ENF,Classroom,276,Medium,High,170,1051900,360,1218800
P0565,2021-02-11,SB,Dry Lab,159,Medium,Low,52,300800,181,346300
P0566,2021-09-19,ENB,Minor Renovation,198,Low,Medium,68,36800,258,40300
P0567,2022-02-13,HMRB,Furniture,312,Medium,Critical,28,80100,385,108600
P0568,2024-03-11,KNA,Classroom,288,Medium,High,469,2802000,357,3710200
P0569,2020-03-09,HMRB,Minor Renovation,284,High,Medium,233,260200,373,314700
P0570,2022-09-15,HMRB,Minor Renovation,391,Medium,High,89,108300,537,132200
P0571,2023-12-19,KNA,Classroom,204,Medium,High,27,117200,242,141400
P0572,2023-05-15,AD,Classroom,195,High,Low,270,940800,207,1312600
P0573,2020-06-29,KNB,Dry Lab,212,Medium,High,65,433800,293,489800
P0574,2024-01-17,ENA,Wet Lab,197,Medium,Medium,154,1000500,255,1414300
P0575,2020-01-13,KNA,Dry Lab,226,Medium,High,66,424600,287,578800
P0576,2024-06-02,HMRB,Classroom,182,Medium,Low,95,318300,225,335700
P0577,2024-06-23,HRIC,Minor Renovation,144,Low,High,66,61700,172,81000
P0578,2023-03-03,KNA,Minor Renovation,234,High,Low,49,50200,292,61000
P0579,2022-08-02,ENC,Classroom,294,Medium,Critical,41,172500,431,227400
P0580,2024-05-17,ENG,Major Renovation,205,Medium,Medium,126,441200,223,459200
P0581,2021-05-05,HMRB,Minor Renovation,336,High,Critical,43,53100,416,79700
P0582,2022-04-27,KNB,Major Renovation,175,Medium,Medium,193,524300,202,600900
P0583,2021-06-03,ENB,Major Renovation,370,High,Medium,99,307100,473,333700
P0584,2020-11-27,TFDL,Minor Renovation,270,Low,High,67,48700,352,52900
P0585,2022-03-20,HRIC,Classroom,642,High,High,360,2980800,874,3518000
P0586,2021-08-05,ENF,Major Renovation,504,High,High,193,1012500,677,1250800
P0587,2024-05-26,HMRB,Minor Renovation,213,Low,High,78,96900,281,129700
P0588,2021-04-08,END,Wet Lab,320,Medium,High,288,2176800,365,2700900
P0589,2021-09-23,KNA,Minor Renovation,162,Medium,Medium,8,4000,211,4100
P0590,2020-01-09,ENF,Major Renovation,219,High,High,17,88400,326,111700
P0591,2021-04-09,TFDL,Wet Lab,504,High,Medium,438,4644100,731,5364400
P0592,2024-05-17,END,Dry Lab,163,Low,High,14,53900,220,67700
P0593,2024-07-17,ENA,Minor Renovation,513,Medium,High,407,527500,631,713600
P0594,2022-05-02,ENB,Minor Renovation,124,Low,Medium,51,36400,162,37200
P0595,2020-02-28,ENB,IT/AV,249,High,Medium,38,99100,329,136600
P0596,2023-07-29,ENF,IT/AV,231,Low,High,63,116600,290,125900
P0597,2023-05-15,ENF,Major Renovation,490,High,High,315,848700,630,991400
P0598,2022-05-12,SA,Major Renovation,208,High,Medium,18,103400,230,135500
P0599,2023-11-27,AD,Wet Lab,175,Medium,Medium,277,1675700,202,2292100
P0600,2023-12-13,ENG,Major Renovation,136,Low,Low,450,930200,151,1077200
P0601,2024-11-02,ENB,Major Renovation,234,Medium,Medium,127,238700,324,296300
P0602,2023-10-11,ENA,Dry Lab,495,Medium,Critical,67,439700,570,637300
P0603,2023-12-22,ENA,IT/AV,456,High,Low,387,597300,639,633300
P0604,2022-06-27,ENF,Minor Renovation,264,High,Low,60,41100,281,45400
P0605,2020-09-24,SB,Minor Renovation,226,Medium,Medium,498,720200,278,980200
P0606,2022-12-03,HMRB,Minor Renovation,330,Medium,High,72,77600,403,93800
P0607,2021-12-04,KNA,Major Renovation,213,Medium,Medium,76,185300,291,252900
P0608,2023-02-11,END,Minor Renovation,129,Low,Medium,94,30800,129,37800
P0609,2024-03-20,ES,Minor Renovation,146,Low,High,56,83600,154,97800
P0610,2022-06-19,ES,Wet Lab,262,Medium,Medium,411,5123600,291,7248000
P0611,2023-01-03,SB,Major Renovation,270,Medium,Low,465,1084100,282,1233700
P0612,2020-07-27,ENG,Minor Renovation,94,Low,High,43,44900,128,45600
P0613,2021-01-02,ENA,Wet Lab,228,Medium,Critical,40,473300,264,659700
P0614,2022-04-03,KNA,IT/AV,286,Medium,Medium,87,224700,345,257300
P0615,2024-04-09,HRIC,Minor Renovation,191,Medium,Medium,57,59400,236,82900
P0616,2022-02-24,KNB,Wet Lab,139,Medium,Low,126,1085900,153,1456800
P0617,2024-07-01,SA,Classroom,162,Medium,Low,77,356700,202,355700
P0618,2021-10-24,KNA,Classroom,135,Medium,Medium,31,131300,149,145200
P0619,2024-09-03,KNB,Minor Renovation,288,High,High,16,10100,349,13900
P0620,2023-03-01,ENB,IT/AV,333,High,High,38,90100,404,131700
P0621,2021-01-05,ENB,Dry Lab,218,High,Low,34,154300,282,191500
P0622,2021-07-12,KNA,Dry Lab,291,Medium,Medium,77,490900,307,499200
P0623,2024-07-05,ENF,Wet Lab,360,Medium,Critical,193,2299800,504,3273600
P0624,2020-06-28,ENG,Minor Renovation,115,Medium,Medium,41,38700,126,53300
P0625,2021-12-01,SA,Classroom,216,Medium,Medium,33,117500,263,159800
P0626,2022-01-17,TFDL,Dry Lab,264,High,Low,460,2536400,373,3152800
P0627,2023-07-22,ENA,Minor Renovation,531,Medium,High,402,461300,764,544400
P0628,2023-04-30,ENB,Minor Renovation,248,High,Medium,75,73100,278,100400
P0629,2021-09-08,TFDL,Dry Lab,182,Medium,Low,140,687000,190,790900
P0630,2023-07-09,ES,Wet Lab,251,Medium,Medium,82,605900,331,868900
P0631,2023-11-28,ENC,Minor Renovation,117,Medium,Medium,28,19200,125,22900
P0632,2020-11-12,ENF,Classroom,153,Low,High,95,547400,184,622000
P0633,2024-03-31,ENF,Major Renovation,90,Low,Medium,28,45900,89,47600
P0634,2024-02-24,ENC,Minor Renovation,133,Low,Medium,12,4600,174,5600
P0635,2023-07-22,SA,Wet Lab,189,Medium,Low,61,484300,186,530500
P0636,2024-01-03,HMRB,IT/AV,324,High,Low,214,573200,414,795000
P0637,2020-02-29,SA,Major Renovation,259,Low,Medium,458,1304000,337,1376400
P0638,2022-07-23,TFDL,Wet Lab,285,High,High,27,326000,328,383900
P0639,2020-06-07,TFDL,Major Renovation,310,Medium,Medium,73,279200,310,358900
P0640,2024-01-25,END,Classroom,300,High,Low,61,364200,400,433800
P0641,2020-07-08,END,Major Renovation,186,High,High,30,152000,217,207900
P0642,2021-01-31,KNB,Major Renovation,381,Medium,High,73,290300,414,392000
P0643,2022-07-15,AD,Minor Renovation,180,Medium,Medium,26,22900,180,29500
P0644,2022-05-29,SA,Minor Renovation,366,High,Critical,96,53900,578,82100
P0645,2023-12-10,HRIC,Minor Renovation,283,Low,Medium,467,260400,269,292400
P0646,2024-05-11,KNA,Classroom,270,Medium,High,233,1666400,383,2253200
P0647,2020-06-29,ES,Dry Lab,255,Medium,Medium,356,2775500,299,3578200
P0648,2020-05-28,ENB,Dry Lab,240,Medium,High,43,198800,266,262800
P0649,2023-04-16,HMRB,Minor Renovation,212,Medium,Medium,26,26700,229,30600
P0650,2020-06-21,SA,Minor Renovation,194,Low,Medium,461,571400,211,763000
P0651,2023-10-02,ENA,Minor Renovation,252,High,High,14,15300,282,20000
P0652,2024-02-25,HMRB,Minor Renovation,140,Medium,Medium,33,11000,181,12900
P0653,2021-12-20,HRIC,Wet Lab,324,Medium,High,96,1040400,360,1253900
P0654,2023-08-15,END,Minor Renovation,300,High,Critical,35,32200,369,40000
P0655,2021-08-30,SB,Minor Renovation,135,Low,Medium,235,229500,138,219000
P0656,2021-02-13,KNA,Minor Renovation,363,High,Medium,60,23600,423,28700
P0657,2023-05-12,KNB,Minor Renovation,326,High,Medium,451,393700,448,489300
P0658,2023-02-23,SA,Dry Lab,129,Low,Medium,234,1070600,136,1272600
P0659,2023-08-10,SA,Wet Lab,208,Medium,Medium,24,282200,256,329900
P0660,2023-02-21,ENA,Minor Renovation,126,Medium,Medium,5,2800,147,3300
P0661,2021-04-12,ENG,Wet Lab,654,High,High,472,5798500,963,7413200
P0662,2024-07-17,SA,Major Renovation,198,Medium,Low,119,474500,215,551400
P0663,2022-08-08,SA,Furniture,227,Medium,High,45,131400,271,186200
P0664,2020-01-28,ENF,Minor Renovation,417,High,Medium,290,141600,460,181300
P0665,2020-07-22,ES,Minor Renovation,165,High,Medium,19,23500,208,25700
P0666,2024-07-12,SA,Dry Lab,180,High,Medium,37,265800,233,361300
P0667,2020-07-17,AD,Wet Lab,199,Medium,Medium,84,700500,249,924000
P0668,2021-05-14,SB,Major Renovation,229,Medium,High,71,293600,247,379400
P0669,2024-02-21,SA,Minor Renovation,218,Low,Critical,24,36800,301,43800
P0670,2020-05-20,ENA,Minor Renovation,294,Low,Critical,93,53000,324,66300
P0671,2022-02-25,ENF,Minor Renovation,135,Low,Medium,28,10900,165,11400
P0672,2020-02-03,END,Major Renovation,364,Medium,Critical,71,383000,458,461700
P0673,2024-01-15,KNA,Minor Renovation,240,High,Low,341,406600,326,457700
P0674,2024-12-18,ES,Major Renovation,171,Low,High,20,72900,209,72900
P0675,2020-01-06,KNA,Minor Renovation,90,Low,Low,38,37300,110,42500
P0676,2022-02-18,ENB,Minor Renovation,198,Low,High,75,81800,200,111200
P0677,2022-06-26,ENB,Minor Renovation,225,Medium,Low,170,86300,214,87200
P0678,2024-08-05,END,Classroom,303,Medium,High,79,458700,392,482100
P0679,2020-05-25,ENB,Major Renovation,138,Low,Medium,29,84300,138,97500
P0680,2023-01-18,END,Wet Lab,144,Low,Medium,111,824200,151,1097300
P0681,2023-08-26,TFDL,Minor Renovation,184,High,Medium,22,25900,197,28900
P0682,2023-09-23,SA,Dry Lab,540,High,High,65,631200,650,732100
P0683,2021-06-10,SB,Major Renovation,129,Medium,Medium,38,136900,145,154100
P0684,2023-05-29,ES,Dry Lab,330,Medium,High,320,1811500,447,2338900
P0685,2020-07-11,HMRB,Classroom,280,High,Medium,9,46100,346,63200
P0686,2020-11-13,ENB,Minor Renovation,117,Low,Low,204,147900,130,186700
P0687,2020-04-20,KNA,Classroom,654,Medium,Critical,394,2351700,959,3254300
P0688,2021-06-14,ES,Minor Renovation,490,High,High,90,172900,623,247000
P0689,2022-05-12,TFDL,Minor Renovation,218,Medium,Low,84,58900,269,65900
P0690,2021-01-28,KNA,Major Renovation,120,Medium,Medium,42,99700,141,135500
P0691,2023-02-02,ENA,Classroom,209,Medium,High,281,1963300,283,2272000
P0692,2024-05-10,SA,Classroom,90,Low,Medium,25,163000,111,219900
P0693,2024-09-02,SB,Dry Lab,408,High,Critical,24,229000,596,286500
P0694,2024-01-08,HRIC,IT/AV,234,High,Low,56,140400,306,152600
P0695,2021-05-15,ENA,Minor Renovation,392,High,Medium,140,143200,443,171000
P0696,2020-12-30,SA,Minor Renovation,333,Medium,Critical,84,135000,402,175900
P0697,2024-12-08,KNA,Classroom,144,Low,Medium,15,77700,176,92600
P0698,2021-12-15,ENA,IT/AV,294,Medium,Critical,7,23400,402,27100
P0699,2023-02-08,SB,Wet Lab,169,Low,Medium,169,951000,206,1221800
P0700,2021-12-07,ES,Classroom,400,High,High,74,561300,602,689200
P0701,2020-01-22,KNB,Wet Lab,246,Medium,High,86,567500,368,802700
P0702,2020-04-05,SB,Major Renovation,252,Medium,Low,380,1321500,335,1830700
P0703,2024-12-24,SA,Dry Lab,221,Medium,Medium,89,482400,274,639900
P0704,2021-10-19,ENC,Major Renovation,127,Low,High,48,179800,168,241000
P0705,2021-03-22,KNB,Minor Renovation,310,Medium,Medium,224,161700,424,197700
P0706,2020-04-19,SB,IT/AV,122,Medium,Medium,21,58300,157,72500
P0707,2022-05-27,AD,Minor Renovation,327,Low,High,425,470700,446,492100
P0708,2020-02-16,TFDL,Major Renovation,204,Medium,High,41,92700,285,121000
P0709,2023-05-10,KNB,IT/AV,220,High,Low,12,27000,285,30100
P0710,2022-05-29,END,Major Renovation,256,High,Critical,48,232500,377,303300
P0711,2024-08-30,SA,Furniture,180,Medium,Low,93,173300,214,207600
P0712,2021-12-08,ENG,Minor Renovation,345,High,Medium,353,569100,466,770600
P0713,2023-03-04,KNB,Minor Renovation,396,Medium,High,362,498500,541,557900
P0714,2024-06-14,ENB,Minor Renovation,484,High,Medium,497,617500,563,803600
P0715,2022-09-12,HMRB,Minor Renovation,396,High,Low,455,402900,426,454300
P0716,2024-06-27,KNB,Minor Renovation,169,Low,High,14,14900,170,17400
P0717,2020-03-30,KNA,Major Renovation,189,Low,Medium,118,167800,188,161000
P0718,2022-05-13,ENA,Wet Lab,232,Medium,High,161,1701600,283,2529600
P0719,2024-07-03,KNA,Minor Renovation,180,Medium,Critical,31,37900,227,53800
P0720,2023-03-13,ENA,Minor Renovation,240,Medium,Medium,88,100500,287,129100
P0721,2020-01-30,HRIC,Classroom,237,Low,Medium,459,2415900,330,2512500
P0722,2024-09-09,SA,Dry Lab,229,Medium,Medium,85,624100,272,663700
P0723,2022-02-23,ENC,Wet Lab,288,Medium,Medium,434,3992400,317,5248400
P0724,2022-09-10,SB,Major Renovation,118,Medium,Medium,38,178400,125,228100
P0725,2023-06-29,ENF,Minor Renovation,180,Low,Medium,95,102800,198,121300
P0726,2023-11-22,KNA,Dry Lab,283,High,High,51,332000,379,368200
P0727,2023-12-12,ENG,Dry Lab,399,High,Medium,184,1419300,450,1991100
P0728,2024-04-22,SB,Major Renovation,315,Medium,Medium,88,325100,366,446400
P0729,2020-04-11,SA,Major Renovation,396,Medium,Medium,414,1218400,497,1659800
P0730,2024-10-28,HMRB,Minor Renovation,147,Low,High,48,42600,181,54100
P0731,2023-04-30,HMRB,Furniture,113,Medium,Medium,28,79500,135,92100
P0732,2024-06-23,ENA,Major Renovation,517,High,High,107,422300,771,593900
P0733,2023-10-24,AD,Dry Lab,351,Medium,Low,355,1346200,479,1831700
P0734,2022-12-07,ENF,Minor Renovation,283,Medium,Medium,92,28100,353,33000
P0735,2020-03-24,ES,Major Renovation,264,High,Critical,15,80200,421,110800
P0736,2024-11-09,AD,Classroom,195,High,High,26,153700,227,221200
P0737,2021-06-13,ES,Classroom,154,Medium,Medium,8,51500,165,62100
P0738,2020-04-19,ES,IT/AV,477,Medium,Critical,172,488500,671,693300
P0739,2022-08-16,END,Major Renovation,245,Medium,Medium,54,101100,282,130100
P0740,2024-10-15,HRIC,Dry Lab,199,Medium,Medium,84,465100,257,559500
P0741,2022-10-31,TFDL,Major Renovation,121,Low,Low,105,295000,113,317900
P0742,2021-12-28,ENB,Minor Renovation,261,High,Low,77,56800,363,76200
P0743,2023-10-06,ES,Classroom,166,Low,Low,50,189100,161,239900
P0744,2020-03-20,END,Minor Renovation,102,Low,Medium,28,24100,112,25200
P0745,2023-02-13,SA,Wet Lab,162,Medium,Medium,13,93800,184,99500
P0746,2022-07-28,ENC,Minor Renovation,222,Low,High,490,457500,275,609700
P0747,2022-12-08,ES,Minor Renovation,305,Medium,Medium,57,53500,355,63400
P0748,2020-03-21,ENC,Minor Renovation,294,Medium,Medium,54,69700,322,73900
P0749,2023-04-02,TFDL,Minor Renovation,153,Low,Medium,225,85600,204,92200
P0750,2020-05-13,SB,Wet Lab,190,Medium,Medium,15,178300,254,201000
P0751,2024-11-25,HRIC,Classroom,441,High,High,76,391600,547,489500
P0752,2022-06-18,ES,Major Renovation,349,High,Medium,93,385800,435,529100
P0753,2020-10-19,HMRB,Dry Lab,274,Medium,High,461,2752400,355,3126600
P0754,2020-06-18,HRIC,Dry Lab,240,Medium,Low,256,1317000,265,1494700
P0755,2023-08-13,HRIC,Dry Lab,135,Medium,High,16,97000,172,102500
P0756,2024-10-13,ENF,Classroom,384,High,Low,427,2082300,428,2579400
P0757,2023-04-09,END,Dry Lab,307,Medium,Medium,152,636400,354,795700
P0758,2022-07-11,HRIC,Major Renovation,109,Medium,Low,15,49800,105,53700
P0759,2021-03-07,HRIC,Minor Renovation,309,Medium,Critical,45,65000,437,97400
P0760,2024-04-21,ENB,Minor Renovation,313,Medium,High,184,198200,379,284800
P0761,2024-05-03,SB,Minor Renovation,193,Medium,High,37,56100,240,64200
P0762,2022-02-27,SB,Minor Renovation,418,Medium,Critical,75,136700,555,199700
P0763,2024-01-15,END,Dry Lab,148,Low,High,49,229100,198,256700
P0764,2020-06-11,TFDL,IT/AV,321,High,Low,74,201500,355,203500
P0765,2021-04-08,AD,Wet Lab,207,Medium,Medium,71,586800,269,800400
P0766,2020-03-13,ENA,Dry Lab,288,High,Medium,101,659600,386,737300
P0767,2020-05-12,SB,Major Renovation,381,Medium,Medium,500,1425600,445,1716800
P0768,2024-02-26,ES,Wet Lab,315,Medium,Critical,30,276600,416,391800
P0769,2021-03-25,KNB,Wet Lab,354,High,Low,80,685200,409,797400
P0770,2021-05-15,SA,Wet Lab,248,Medium,Medium,87,964400,345,1366100
P0771,2024-12-28,HRIC,Major Renovation,373,High,High,53,133900,436,200800
P0772,2021-02-08,ES,Furniture,194,High,Medium,32,95900,204,111600
P0773,2020-04-21,ENB,Dry Lab,219,Medium,High,109,593000,257,785200
P0774,2022-05-11,ENA,Dry Lab,208,Low,Medium,452,2317000,286,2608500
P0775,2024-03-13,HRIC,Furniture,356,High,Medium,275,579900,400,693200
P0776,2020-07-08,ENB,Major Renovation,149,Medium,Medium,9,26400,176,26900
P0777,2022-09-19,ENB,Minor Renovation,266,Medium,Medium,462,456800,354,593000
P0778,2021-03-16,ENC,Major Renovation,142,Medium,Medium,18,53200,196,58200
P0779,2020-01-04,SB,Major Renovation,190,Low,Medium,296,797500,220,1052300
P0780,2021-10-28,HRIC,Minor Renovation,191,Medium,High,15,8900,209,9600
P0781,2023-05-16,END,Classroom,216,High,Low,18,92600,223,120600
P0782,2023-06-11,SA,Minor Renovation,118,Low,Medium,13,5300,155,5600
P0783,2020-10-16,HRIC,Minor Renovation,262,Medium,Medium,428,271200,341,362700
P0784,2023-03-22,TFDL,Dry Lab,522,High,High,59,494300,773,708200
P0785,2023-07-14,KNB,Classroom,252,High,Medium,88,386200,268,486500
P0786,2024-01-08,KNA,Minor Renovation,374,Medium,High,55,76100,540,100900
P0787,2021-09-23,AD,Classroom,310,Medium,Medium,91,478300,417,565800
P0788,2022-12-16,HRIC,Classroom,330,Medium,High,69,416100,464,589600
P0789,2022-12-24,KNB,Minor Renovation,324,Low,High,485,131600,440,144600
P0790,2024-11-09,SA,Wet Lab,264,High,Medium,23,197100,290,223800
P0791,2024-12-23,ENF,Classroom,360,High,Medium,473,2975900,505,3880100
P0792,2020-04-28,TFDL,Wet Lab,297,Medium,High,83,975700,444,1330700
P0793,2020-02-25,ENB,Dry Lab,124,High,Low,14,75200,171,84500
P0794,2023-07-26,ENG,Minor Renovation,266,Medium,High,92,116200,306,161200
P0795,2020-11-01,HMRB,Minor Renovation,463,High,High,214,108300,626,127900
P0796,2024-07-09,END,Major Renovation,172,High,Medium,7,12600,210,17100
P0797,2022-12-26,SA,Major Renovation,118,Low,High,26,72000,155,85400
P0798,2021-04-01,TFDL,Minor Renovation,135,Medium,Low,61,59400,135,75500
P0799,2020-03-11,ENF,Minor Renovation,327,High,Medium,321,191200,417,213100
P0800,2024-07-26,SA,Dry Lab,162,Medium,Medium,71,549000,177,625000
P0801,2021-06-02,ES,Major Renovation,226,Low,Critical,11,47900,293,58100
P0802,2022-07-15,HMRB,Classroom,157,Medium,Low,97,408600,204,483100
P0803,2023-06-12,KNB,Dry Lab,113,Medium,Medium,5,29100,156,36600
P0804,2022-06-04,AD,Minor Renovation,216,High,Medium,54,71500,291,90500
P0805,2022-04-02,HMRB,Wet Lab,307,Medium,Medium,56,511300,331,560000
P0806,2021-02-23,ENA,Minor Renovation,144,Medium,Low,5,4700,148,6000
P0807,2021-06-18,SB,Minor Renovation,170,Medium,Medium,98,120900,237,142200
P0808,2020-09-21,SB,Dry Lab,205,Medium,Medium,42,317100,217,395300
P0809,2020-01-28,ENG,Classroom,135,Medium,Low,13,40100,155,48300
P0810,2024-09-09,TFDL,Classroom,396,High,High,87,716800,498,1012700
P0811,2020-06-07,HRIC,Wet Lab,300,Medium,Critical,29,342800,399,399800
P0812,2022-07-24,SA,Wet Lab,120,Low,Medium,91,687300,158,892100
P0813,2023-11-11,HMRB,Minor Renovation,237,High,Low,284,341500,288,456700
P0814,2024-01-24,HMRB,Major Renovation,336,High,High,42,219200,409,296500
P0815,2021-01-10,ENG,Minor Renovation,133,Medium,Low,40,46900,133,60600
P0816,2020-09-28,ENB,Minor Renovation,194,Medium,Medium,37,23900,270,27900
P0817,2021-03-03,ENG,Classroom,146,Low,Medium,461,1228200,190,1381200
P0818,2020-02-27,TFDL,Minor Renovation,202,Low,High,89,86100,213,113100
P0819,2024-04-09,ES,Minor Renovation,355,High,High,77,39300,516,48000
P0820,2021-03-06,ES,Classroom,470,High,Medium,408,3704800,703,4306500
P0821,2024-01-07,AD,Wet Lab,270,Medium,High,77,611200,316,673100
P0822,2023-10-28,ENF,Wet Lab,414,High,High,450,3931900,514,5200000
P0823,2021-04-16,HRIC,Minor Renovation,216,Medium,Medium,42,54900,287,62300
P0824,2020-10-14,END,Dry Lab,124,Medium,Medium,8,52400,170,54100
P0825,2023-10-28,ENC,Minor Renovation,558,High,Critical,87,85500,768,118900
P0826,2021-11-12,TFDL,Wet Lab,445,Medium,Critical,67,934900,643,1462600
P0827,2021-11-07,HRIC,Minor Renovation,265,Medium,Low,99,71300,297,68200
P0828,2024-01-26,SB,Furniture,244,Low,Medium,422,987100,321,1378800
P0829,2022-07-30,HRIC,Dry Lab,189,Medium,Low,81,426200,219,556600
P0830,2022-08-17,SB,Classroom,384,High,High,415,3745300,465,4680400
P0831,2022-10-25,ENG,Wet Lab,141,Medium,High,43,287100,155,377500
P0832,2021-03-21,HRIC,Dry Lab,318,High,Low,240,1616400,401,1970000
P0833,2022-09-06,TFDL,Wet Lab,173,Medium,High,40,411500,221,452000
P0834,2024-09-21,KNA,Major Renovation,357,High,Low,57,250900,431,267900
P0835,2020-10-20,ES,Wet Lab,297,Medium,High,271,3080500,437,4382400
P0836,2022-11-21,HRIC,Major Renovation,90,Low,Low,41,76100,92,87600
P0837,2024-02-14,KNB,IT/AV,113,Medium,Medium,45,85000,149,110800
P0838,2024-02-02,ES,Minor Renovation,405,High,High,90,124300,448,183200
P0839,2022-03-18,SA,Minor Renovation,136,Low,High,25,21300,174,23000
P0840,2020-04-09,KNB,Wet Lab,214,Low,Medium,79,536800,245,577200
P0841,2024-11-07,HMRB,Classroom,271,High,Medium,35,206700,366,240600
P0842,2024-11-17,ENA,Classroom,218,Low,High,50,221900,260,234700
P0843,2023-12-28,TFDL,Minor Renovation,136,Low,Critical,20,13200,157,19500
P0844,2023-03-16,SB,Minor Renovation,90,Low,Medium,7,6800,90,8300
P0845,2023-07-09,ENC,Minor Renovation,357,High,High,28,25500,533,33200
P0846,2020-02-13,KNA,Minor Renovation,213,Medium,High,44,33300,295,39400
P0847,2020-11-04,KNB,Wet Lab,172,Medium,Medium,15,100700,213,132900
P0848,2021-01-09,SB,Minor Renovation,403,High,Medium,60,77600,514,84700
P0849,2021-01-26,ENA,Dry Lab,225,High,Medium,37,287400,299,411800
P0850,2021-03-31,AD,Classroom,180,Low,High,99,327400,239,454500
P0851,2023-07-18,TFDL,Dry Lab,162,Medium,Medium,85,496100,200,662100
P0852,2023-04-23,SB,Major Renovation,456,High,Critical,65,509300,631,721000
P0853,2022-07-31,TFDL,Major Renovation,184,High,Medium,12,57100,206,72500
P0854,2022-08-12,KNA,Minor Renovation,186,Medium,Medium,69,54200,251,67400
P0855,2024-06-23,HRIC,Minor Renovation,396,Medium,Medium,418,442000,420,532400
P0856,2022-07-19,HMRB,Major Renovation,428,High,Medium,336,709900,623,816900
P0857,2022-06-26,KNA,Minor Renovation,201,High,Low,183,181400,279,253000
P0858,2020-11-09,ENC,Minor Renovation,261,Medium,High,10,4900,318,6700
P0859,2023-08-12,SB,Minor Renovation,246,Medium,High,69,81500,330,99000
P0860,2021-06-01,ENG,Minor Renovation,157,Low,High,81,87400,174,112500
P0861,2023-11-15,END,Minor Renovation,158,Low,Medium,77,39000,171,46600
P0862,2024-01-20,END,Furniture,354,High,High,30,91000,530,122100
P0863,2024-05-06,AD,Dry Lab,459,Medium,High,384,2518800,672,2948900
P0864,2024-05-21,KNA,Dry Lab,522,High,High,84,697400,718,863300
P0865,2021-04-05,ENG,Dry Lab,339,High,High,23,132700,399,148400
P0866,2021-11-10,ENA,Major Renovation,337,Medium,High,67,122900,361,176500
P0867,2024-10-19,AD,Minor Renovation,187,High,Medium,45,15600,199,22400
P0868,2020-10-26,AD,Major Renovation,186,Medium,Medium,307,1064600,198,1191500
P0869,2022-08-06,HMRB,Minor Renovation,196,Medium,Medium,43,65300,212,74500
P0870,2022-10-05,ENB,Major Renovation,177,Medium,Low,328,943500,223,1232000
P0871,2022-02-11,HRIC,Minor Renovation,280,Medium,Medium,288,174900,289,222900
P0872,2022-10-12,TFDL,Minor Renovation,195,Medium,Critical,7,5900,284,7400
P0873,2020-02-23,TFDL,Minor Renovation,320,Medium,High,84,98900,442,139600
P0874,2021-03-11,ENG,Dry Lab,180,Medium,Low,22,116700,195,130300
P0875,2022-06-24,ENC,Dry Lab,484,High,Medium,363,1899300,560,2715300
P0876,2020-03-31,KNA,Minor Renovation,172,Low,Critical,30,39800,212,48300
P0877,2021-12-31,KNB,Dry Lab,180,High,Medium,33,202300,213,213700
P0878,2022-02-18,SB,Minor Renovation,347,Medium,High,277,255800,436,330700
P0879,2022-10-28,TFDL,Classroom,213,High,Low,162,874300,274,1087600
P0880,2020-08-26,SA,Dry Lab,195,High,High,8,87200,229,117400
P0881,2020-04-04,ENA,IT/AV,459,Medium,Critical,66,165000,695,220300
P0882,2020-12-31,HMRB,Wet Lab,351,Medium,High,466,5419500,442,7891600
P0883,2024-07-01,ES,Classroom,201,Medium,Low,422,1581800,208,2063500
P0884,2020-01-20,SB,Minor Renovation,209,Low,High,59,46600,221,64300
P0885,2022-11-17,SA,Major Renovation,267,Medium,Critical,38,141700,392,204500
P0886,2021-09-01,SA,Classroom,357,High,Low,169,1332400,496,1679700
P0887,2024-12-28,ENF,Major Renovation,190,Medium,Medium,5,16700,214,20300
P0888,2023-12-13,ES,Minor Renovation,256,Medium,Medium,88,129900,348,146500
P0889,2023-11-18,KNA,Major Renovation,481,Medium,Critical,72,330100,574,500900
P0890,2021-11-19,ENB,Dry Lab,256,Medium,Low,53,252000,261,243600
P0891,2020-07-10,HMRB,Minor Renovation,310,High,High,210,259400,353,291700
P0892,2020-10-20,ENC,Minor Renovation,368,High,Critical,25,41600,455,50700
P0893,2024-01-15,ES,Major Renovation,299,Medium,Medium,304,838800,386,916300
P0894,2022-06-04,KNB,IT/AV,391,High,High,100,210000,527,242300
P0895,2023-08-03,END,Classroom,197,Medium,Medium,79,512600,247,598500
P0896,2021-08-21,AD,Minor Renovation,327,Medium,High,89,76100,394,98900
P0897,2024-05-14,KNB,Dry Lab,283,Medium,Medium,66,336600,313,410500
P0898,2020-03-30,HRIC,Major Renovation,317,Medium,High,88,290400,363,318300
P0899,2024-04-16,HRIC,Classroom,216,Medium,Low,466,1502600,228,1994000
P0900,2023-09-26,AD,Wet Lab,220,Medium,High,11,69100,312,83700
P0901,2023-10-06,KNB,Dry Lab,428,Medium,Medium,447,1928300,573,2143200
P0902,2020-07-04,ENF,Minor Renovation,288,High,Medium,24,19300,412,21600
P0903,2022-05-15,SB,Minor Renovation,90,Low,Low,44,21600,100,21000
P0904,2023-07-04,AD,IT/AV,254,Medium,High,30,89100,355,125700
P0905,2021-07-30,HRIC,Wet Lab,384,Medium,Critical,438,3462700,534,5060200
P0906,2022-04-18,KNB,Minor Renovation,133,Low,Medium,82,30300,140,29100
P0907,2021-12-13,HMRB,Wet Lab,219,High,Low,86,643300,280,887100
P0908,2024-01-11,END,Classroom,304,Low,Critical,474,2724600,457,3679700
P0909,2023-09-13,ENA,Classroom,90,Low,Medium,44,218200,118,267100
P0910,2023-12-27,SA,Classroom,100,Low,Medium,33,124800,109,131100
P0911,2024-12-23,KNA,Major Renovation,222,Low,Critical,64,202800,281,230600
P0912,2022-03-21,ENG,Dry Lab,225,Medium,Low,360,1909900,305,1937600
P0913,2020-07-13,TFDL,Minor Renovation,290,Medium,High,90,27900,341,32100
P0914,2022-09-19,AD,Minor Renovation,388,Medium,Medium,352,362000,419,486000
P0915,2024-08-22,SB,Wet Lab,159,Medium,High,25,273200,188,337500
P0916,2020-07-06,ENA,Minor Renovation,636,High,Critical,56,113500,930,141000
P0917,2021-11-14,ES,Classroom,354,Low,Critical,164,1355000,409,1923600
P0918,2024-09-13,KNB,Dry Lab,162,Low,Critical,26,123400,197,138200
P0919,2023-05-02,ENG,Minor Renovation,164,Medium,Medium,170,115800,203,153400
P0920,2021-07-04,AD,Furniture,132,Low,Medium,26,49600,165,59000
P0921,2022-02-14,ENB,Major Renovation,388,Medium,High,154,665500,541,870100
P0922,2020-11-25,SA,Minor Renovation,288,High,Low,83,43900,327,57400
P0923,2020-05-18,HMRB,Major Renovation,209,Medium,High,8,42100,243,58700
P0924,2023-03-08,HRIC,Minor Renovation,262,High,Medium,70,33100,376,35100
P0925,2023-10-19,HRIC,Major Renovation,135,Low,Medium,54,152500,160,160900
P0926,2020-03-12,HRIC,Minor Renovation,266,Medium,High,84,63000,373,78700
P0927,2021-10-07,ENB,Minor Renovation,279,High,Low,190,269900,294,306700
P0928,2020-04-21,END,Minor Renovation,184,High,Low,36,21900,217,25500
P0929,2021-09-30,AD,Wet Lab,205,Medium,Medium,168,1743000,222,1984900
P0930,2021-11-02,ES,Dry Lab,108,Medium,Medium,5,39600,110,44600
P0931,2020-06-07,TFDL,Minor Renovation,170,Medium,Medium,95,35500,221,37300
P0932,2023-01-10,ENF,Major Renovation,283,Medium,Medium,218,722300,336,893400
P0933,2022-07-25,END,Minor Renovation,175,Low,High,48,41800,192,57700
P0934,2023-04-18,END,Minor Renovation,253,Medium,Medium,121,146500,284,200800
P0935,2023-09-11,HRIC,Minor Renovation,225,High,Medium,8,11700,269,13000
P0936,2023-12-14,AD,IT/AV,255,Medium,Critical,24,81500,335,111400
P0937,2020-03-25,HMRB,Minor Renovation,201,High,High,8,5800,255,8700
P0938,2021-03-25,KNB,Furniture,288,High,Medium,153,344600,356,410200
P0939,2023-10-19,ENC,Wet Lab,294,Medium,Low,356,3078000,296,3450700
P0940,2024-10-10,ENA,Classroom,229,Medium,High,24,130300,331,138200
P0941,2022-04-01,KNA,Dry Lab,154,Low,Medium,126,476200,205,508100
P0942,2021-03-25,ENG,Wet Lab,286,Medium,Medium,84,835600,361,1010900
P0943,2021-04-27,HRIC,Wet Lab,405,Medium,High,349,3141500,542,4170500
P0944,2023-12-28,HRIC,Classroom,332,High,Critical,28,194200,506,285600
P0945,2021-04-04,KNA,IT/AV,378,High,High,102,286900,439,372000
P0946,2023-09-02,SB,Classroom,408,High,Medium,356,2801200,575,3125900
P0947,2022-02-05,ENG,Wet Lab,246,Low,Critical,312,1882800,298,2507000
P0948,2024-03-15,SA,Minor Renovation,252,High,Medium,25,34900,276,40600
P0949,2021-06-14,ENF,Minor Renovation,211,Medium,High,43,34900,232,41200
P0950,2023-06-29,KNB,IT/AV,205,Medium,Medium,32,45300,232,60500
P0951,2024-03-27,AD,Dry Lab,200,Medium,Low,99,412800,267,548900
P0952,2023-11-16,KNB,IT/AV,138,Medium,Medium,27,67100,148,83200
P0953,2021-01-26,ENG,Wet Lab,396,High,Critical,13,148600,631,237200
P0954,2024-07-14,ENB,Furniture,303,High,Low,93,223800,325,299700
P0955,2024-08-26,ENC,IT/AV,142,Low,Medium,89,126200,136,140400
P0956,2022-07-04,KNB,Minor Renovation,552,High,Medium,463,539300,683,773900
P0957,2024-05-18,AD,Minor Renovation,198,Medium,Low,61,58200,244,60300
P0958,2024-02-05,ENF,Minor Renovation,90,Low,Medium,44,43200,98,55200
P0959,2024-02-12,ES,Wet Lab,526,High,High,337,3780600,714,5743400
P0960,2024-06-20,KNB,Furniture,204,High,High,5,17100,230,22200
P0961,2021-04-01,ENG,Classroom,103,Low,High,49,151300,109,182100
P0962,2022-05-15,ES,Wet Lab,283,Medium,High,62,793400,383,1171700
P0963,2022-11-23,KNA,Dry Lab,165,Low,Medium,268,961000,216,1308100
P0964,2022-03-30,HMRB,Major Renovation,124,Low,Medium,255,560800,151,770600
P0965,2021-10-07,ENB,Wet Lab,170,Medium,Medium,95,652000,235,855400
P0966,2021-04-20,KNB,Minor Renovation,313,High,Medium,76,106200,369,147100
P0967,2022-10-30,KNA,Dry Lab,282,Low,High,427,2040500,296,2689400
P0968,2022-03-20,HMRB,Classroom,142,Low,Low,81,457600,166,415300
P0969,2023-07-31,ENB,Wet Lab,271,Low,Medium,460,3302700,286,4444600
P0970,2020-12-16,HRIC,Minor Renovation,417,Medium,Medium,446,565800,450,625800
P0971,2023-05-31,END,Classroom,391,High,High,83,679300,604,817000
P0972,2024-05-20,ENG,Minor Renovation,237,Medium,Medium,107,129200,247,140900
P0973,2020-07-31,ES,Minor Renovation,523,High,Medium,358,142500,730,189500
P0974,2022-03-11,SB,Major Renovation,109,Medium,Low,42,62400,124,76400
P0975,2022-02-13,ENG,Minor Renovation,225,Low,Medium,490,164400,228,171800
P0976,2020-08-27,SA,Classroom,248,High,Critical,37,279800,319,406700
P0977,2022-03-09,SA,IT/AV,108,Medium,Medium,5,14200,127,16700
P0978,2021-12-31,TFDL,Wet Lab,462,Medium,Critical,434,4481700,701,5869400
P0979,2023-02-21,ENG,Classroom,454,High,High,225,1428000,663,2152800
P0980,2023-12-26,SA,Wet Lab,234,Medium,Medium,464,3819700,254,4752000
P0981,2021-11-04,SA,Wet Lab,153,High,Medium,20,286100,199,390900
P0982,2022-03-08,ENF,Major Renovation,206,High,Medium,36,109500,219,153600
P0983,2020-06-02,ENG,Major Renovation,259,High,Medium,277,1137100,337,1454700
P0984,2024-08-16,ENB,Wet Lab,456,High,High,490,7196600,530,9686900
P0985,2022-08-10,ENB,Wet Lab,232,Medium,Medium,56,446400,319,521500
P0986,2023-07-01,KNA,Dry Lab,272,Medium,Medium,66,417800,350,575800
P0987,2022-09-29,KNB,Minor Renovation,342,High,Medium,244,399000,486,428200
P0988,2022-05-14,ENF,Major Renovation,209,Medium,Low,93,246700,210,261100
P0989,2020-09-04,HMRB,Furniture,231,Low,Critical,81,279100,315,385900
P0990,2022-09-04,AD,Minor Renovation,145,Low,Low,56,26900,146,31000
P0991,2022-02-15,KNB,Minor Renovation,243,High,Low,133,177600,334,225500
P0992,2020-02-12,KNA,Dry Lab,149,Medium,Medium,24,147000,183,149100
P0993,2024-07-11,TFDL,Furniture,384,Medium,High,229,632000,533,761500
P0994,2021-07-30,HRIC,Dry Lab,151,High,Medium,25,196300,173,266900
P0995,2024-10-24,ENF,Minor Renovation,252,High,Low,466,298500,278,406800
P0996,2022-03-07,SB,Wet Lab,612,High,Critical,83,1723600,870,2182600
P0997,2021-04-12,SB,Minor Renovation,352,High,Medium,84,152500,404,202400
P0998,2021-05-07,KNA,Wet Lab,177,Low,Low,100,676600,210,654700
P0999,2024-06-21,KNA,Major Renovation,334,Medium,High,213,848900,407,1069800
P1000,2021-05-19,ENC,Wet Lab,187,Medium,Medium,35,208000,231,270700
